image/FHsozmNagAEz2Au.jpeg,'12/28 クマリデパート\n1.シロダーリン\n2.鹿のハッピーチョモラント\n3.15ゃんになっちり\n4月にはうちわ\n.\n5.あ\nwa\n6\n%\n'
image/E8WhZBXVgAQkJ0A.jpeg,'819\n名古屋\n3\n1.8 Phoneite\n2.二十四時間四六時中\n←1部\n3.ウダガワ・コッキュー\nra\n4.めびうす\n-5. 愛してドキッと♡愛知(フラカソロ)\n6.ちゅるちゅる☆革メイ(メイソロ)\n7.さおてやんだよ~(きおソロ)\n2部\n1.シャダーイクン\n8.Furniture Girl\n2.YESE # FEVER\n9.ちきゅうぶレイディオ\n3.あいつにー!\n10.サクラになっちゃうよ!\nムよれ\n4.ネコちゃんになっちゃうよ〜\n11.恋のハッピーチョモランマ5.GLOVE浄土\n120シャダーイクン\n6.ゴイリョククラブ\n13.せいのおわりの物語 7.限界無肥大ケン%\n14.BPREPty%%\n8.眠れない夜は\n1.5.アンサー!!\n9.サマーニッポンコサマー\n'
image/E9ew9d_VkAgPJKC.jpeg,'1部\n極LOVE浄土\n8/23 アイドルオブザイヤー\nネコちゃんになっちゃうよ\n2部\nゴイリョクタラブ\n限界無限大ケン\n'
image/E9UHz9KUcAciTis.jpeg,'8/21 仙台でびぱっぱ\n1.SUN百6じゅ~GO!日ッチ\n2.サクラになっちゃうよ!\n3. Devil ANTHEM./Fever\n4.めびうす\n5.シャダーイクン\nODA\n6.限界無限大ケン%\n'
image/FAx04atUcAUCmtk.jpeg,'10/3 EVOLUTION POP!\n1.Furniture Girl\n2.恋のハッピーチョモランマ\n3.ゴイリョクタラズ\n/\n4.シャダーイクン\n5.限界無限カケン%\nD.\n'
image/FAIWlejVIAQkTGA.jpeg,'9/25 限界無限大ツアー 栃木\n1部\n1.シャダライタン\n7.恋のハッピーチョモランマ\n2.二十四時間四六時中\n8.ゴイリョククラ\n3.ウダガワ・コッキュー\n9. せかいのおわりの物語\n4.Furniture Girl\n10.限界無限大ダン%\n5.ネコちゃんになっちゃうよ~\n11.02 URL\n6.サクラになっちゃうよ!\n2部\n1.セカイダイ\n11.bitter or sweet\n2.あれ? ロマンチック 12.恋のハッピーチコモランマ\n3.YESEFFEVER 13.シロダーイクン\n4. E I J\n14.せかいのおわりの物語\n5.オーダーメイド\n15.限界無限大ダン%\n6. HELLO HELLO\n16.アンサー!!\n7.時々ドキッと☆栃木\n8.めびうす\n9.極LOVE浄土\n10.JIJ JJJJZ\nおめでとう\ntys\n'
image/FCY0IqmUYAEID81.jpeg,'1.YESU+FEVER\n2.ネコちゃんになっちゃうよ~\n1.ケン%\n5.ちきゅうなレイディオ\n4.35 ちな\n10/23 @JAM\n'
image/FFwg7XvVgAAADi_.jpeg,'1.B界無限ナケン%\n2.\n2.ウダガワ・コッキュー\nさわ\n3.ピンク\n4.あみだ☆ふぉーちゅーん\n5.シャダーイクン\n.\n0\n12/4\nZAWA fes.\n'
image/FDb8PGGaQAIaozH.jpeg,'1.802&IDEOFU 14.00BEBDBDBE !\n2.NPhone 80\n15.DESOBEDDSD580\n3.YESEFFEVER\n4.Furniture Giro\n5.ULOVEDE.\n6.GUROBOR\n16.00uutoFEEDEE\n12.SUNEGL p-GO!\n18.こかいのおわりの物語 .\n19.3 POTEJE\n20. RR RR 59%\neni.Ends\nNEI\nA\n7.505BDO0T\n=\n80gドロッと☆栃木\n9.HELLOHELLO\n** en 2.5890!\nen3.BOUDOUDO\n10. Who are YUU?\n11.コーダーとイト・\nDOD Mecs\n12.03CPBE\nol\n13.69\n2015 2021JDTOR\n'
image/E9y7nWpVcAICTpG.jpeg,"'ブルーベリーステージ\n1.シャダーイクン\n8/27\n@JAM\n1日目\n2.サクラになっちゃうよ!\n3.極LOVE浄土\n4.限界無限大ケン%\nさおちゃん\nリクエスト\nパイナップルステージ\nヨロアリ・回\n1.SUN 6 6 l"" vb-GO! 8. * *\n2.二十四時間四六時中\nD\n3.ゴイリョクタラブ\n'"
image/E5XxxzUVUAQJ0QN.jpeg,'7/3 ENATSUZOME\nNATSUステージ\n1.SUN百6じゅ~GO!ロッチ☆\n2.Furniture girl\n3.シャダーイクン\n超ステージ\n1限界無限大ケン%\n2.ネコちゃんになっちゃうよ~\n3.恋のハッピーチョモランス\n4.サマーニッポンサマー\n12\nありがとう\nございました?\n'
image/E99dHDAVcAgDRcY.jpeg,'JAM\n00\nこんにちは\n8/29 JAM RAB\nストロベリーステージ\n1.EPhone渋谷\n2.ネコちゃんになっちゃうよ~\n3極LOVE出\n4.アンサー‼\n5.限界無限大ケン%\nMUSICO NOTE ステージ\n限界無限大ケンス\nあむえん\nDA.\n'
image/FDmHFWeaQAAd8nv.jpeg,'1.シャダーイクン\n2.二十四時間四六時中\n3.サクラになっちゃうよ!\n4.あみだ☆ふぉーちゅーん\n-\n5.ネコちゃんになっちゃうよ~\n6.恋のハッピーチョモランマー\n11\nマ\n7.限界無限大ケン%\n1 1/7\nMAWA\nLOOP\nキーおちゃんのいたんで\n'
image/FGZjprZUUAEX09p.jpeg,'12/12 SODE22021\n1.00RR-S0-\n2. LOVED\nI\nマリンメッセ\nありがとう\nございました!\n3.E1TJEJEJDET\n9. 005 ATE\n5.RRORY%\n'
image/E73kMNuUUAAvwt0.jpeg,'8/3 はちみつの日\n1993998\n2.ネコちゃんになっちかよ\n3.Furniture Girl\n4.ゴイリョクタラブ\n5.限界無限大ケン%\nDO\nv\n'
image/E_kt74uVQAkZ_nC.jpeg,"'9/10 HYPE IDOLA\n1.サクラになっちゃうとい\n2.3+0+0+00\n時間\n3.恋のハッピーチ色ランマ\n1.SUNG6tO-GO18, **\na !\n2\n5.シャダーイクン\n6.1 R*4%%\nC\n24\nだ\n4\n~こ\n'"
image/FHikTk0akAYkLJZ.jpeg,'12/26 新宿MARZさん20周年\n1.愛Phone炭谷\n2.あれ?ロマンチック\n3.ピアノ\n4サクラのコラゃうよ!\n5.3p?\n6.恋のバッ\nの\nヨモランマ\n7.5なら\nちゅーん\nh\nB・マンセプーマ137\n三代 時間四六時中\n10.いつもあり\n'
image/E7I4aeTVUAov7Kr.jpeg,'7/25 S12\n1.SUNG6 LW-GO.By\n2。切れアロマンチックー\n3.JUDUL-F9ESI\n4.無限ケンルー\n5.HR-SYRITUR+クマニキ\n・\nDA\n'
image/E9KegLnVkAkpPLZ.jpeg,'8/19 これはいいゆうあだ生誕2021\n・\nゆうおだコーナー\n1.ウダガワ・ヨッキュー\n1.アップアップガールズ(2)/セメテセメテ\n2.恋のハッピーチョモランマ\n(ゆうおだ)\n2.でんぱ組.inc/プレシャスサマー\n3.極LOVE浄土\n(クマリデパート)\n4.あれ?ロマンチック\n3.つばきファクトリー/今夜だけ浮かれたかった\n5.二十四時間四六時中\n(ゆうめいさおふれ)\n4.こぶしファクトリー/チョット愚直に!猪突猛進 6.ちきゅらぷしイディオ\n(おだふうまなまい)\n7.せかいのおわりの物語\n5.ももいろクローバーZ/ワニとシャンプー\n(全員)\n8.限界無限大ケン%\n9.いくじなし\n10.アンサー!!\nありがとう\n*\n'
image/FHbtVUdaUAQQDBv.jpeg,'12/25 仙台\n※アプガさん合同リリイベ\n1.BRRR BETJ%\n2.ウダカワ・ヨッキュー\nO\nentretolt!!!\nありがとう\n00\n3.5 € 3-5 up =\n4.5 36 STUTT**\n'
image/FBbTMWWVIAo_yVV.jpeg,'10/11 EVOLUTION POP!\n1. LOVERE\n2.ウジガワ・ミッキュー\n3.YESEFFEVER\n4.国のハッピーチョモラン\n5. Espheta spoon\n5D=\nWED\n11\n6.ETJA552\n7.315\n8.RROARRED%\n'
image/E9PDjQJVUAofeu3.jpeg,'119\n8120 WEB:QPTER\n1.25PBEEDBPB\n2.YESEFFEVER\n3.UQWJGFEEDBE\n4.iTARE3%\n'
image/E_F1l4hVkAAhcl_.jpeg,'9/12 限界無限大ツアー 福岡\n1部\n1.シャダーイクン\n11.bitter or sweet\n2.二十四時間四六時中\n12.恋のハッピーチョモランマ\n3.YESモチFEVER\n13.極LOVE浄土\n4.あいろにー!\n5.明太子ラブストーリー\n14.せかいのおわりの物語\n6.ちゅるちゅる☆革メイ 15.限界無限大ケン%\n7.さおてゃんだよ~ 16.いくじなし\n8.めびうす\n9.ピアノ\n10.セカイケイ\nめんらぶ\n2部)\n1.SUN百6じゅGO!日ッチ☆\n2.恋のハッピーチョモランマ\n3.サクラになっちゃうよ!\n4.Furniture Girl\n5.ゴイリョクタラズ\n6.シャダーイクン\n7.限界無限大ケン%\n'
image/FGUt9GXVgAIRNZr.jpeg,'12/11 福岡リリースイベント\n1 シャダーイクン\n11\n2.SUN百6じゅG01日ッチ☆\n3.あみだふぉーちゅーん\n4.限界無限大ケンチ\nありがとう\nございました\n'
image/E571HhbVoAEsykO.jpeg,'7/10 馬馬馬馬鹿者祭\n1.SUN百6じゅ~GO!日ッチ☆\n2.二十四時間四六時中\n3.furniture Girl\n4.ネコちゃんになっちゃうよ~\n5.YESE FEVER\nありがとう。\n6.限界無限大ダン%\n●アリオ橋本リリイベ\n1.限界無限大クン%\n2. LOVE\nC\n3.furniture Girl\n4.シロダーイクン\n'
image/E_VD9miUYAAX-UC.jpeg,"'9/15 GranCiel Šk279\n1.シャダーイク\n2.サクラになっちゃうよ!\n3. YES F F FEVER\n4.ゴイ リョクタラズ\n5.限界無限大7%\n6.5 きゅうジレイディオ\n☆\nリメリークト\n#81@Gran ciel & EFIKR tnö\n~番外編に出定いただきありがとうごせます。\nクマさんとのネロの2マンライブとても楽しみです。\nぜんできましてるしてください!!本食には硬す。\n(ささやかですがよろしければ上がっ下さい。)\nGraniciel一同\nM2の\nやま\nありがとうistmます:\nFashion\nたおす!\n143, 8 B,\nそら\nAna\nHTT\n'"
image/FEAHIWvacAUG-kV.jpeg,'フウカクロコーナー\nあいろにっ!(弾き語り)\nangel song\n天使にふれた日\nつめの考案\n1.あみだくふぉーちゅーん\nEerd\n2.84四時間四六時中\n3.個LOVE浄土\n4.セカイケイ\n11/12\nフウカ生\n5.bitter or sweet\n6.恋のハッピーチョモランマ\nオメデトー\n7.YES EFFEVER\n一人\n8.ゴイリョククラブ\n9.サクラになっちゃうよ\n10.限界無限大ケン%\n'
image/E807elKVIAMZ-Ih.jpeg,'8/15 Ⓡetro 3 -さん玄催\n1. Phone渋谷\n2. 極LOVE浄土\n3. Furniture Girl\n4.セカイケイ\n5.限界無限大ケン1000\n%\n'
image/E_ApJTBVkAI-OCc.jpeg,'9/11 IDOL by...d\n1.愛Phone渋谷\n2.ウダガワ・ミッキュー\n3.YESEF FEVER\n4.ネコちゃんになっちゃうよ~\n5.ちきゅらぶレイディオ\n6.限界無限大ケン%\n7.サマーニッポン夏サマー\n1\n1.シャダーイクン\n2.あれ?ロマンチック\n3.セカイケイ\n4.ピアノ\n5.限界無限大ケン%\n6.二十四時間四六時中\n7.サクラになっちゃうよ\n'
image/FE32eN1aUAIylEy.jpeg,'11/23\nAppare!さん2マン\n1.あみだ☆ふぉーちゅん\n5 h\n2.恋のハッピーチョモランマ\n3.YESモチFEVER\n4.Furniture Girl\n5.ゴイリョクタラブ\n6.ちきゅうぶレイディオ\n7.眠れない夜は。\n8.シャダーイクン\n9.w界無限ケン%\n'
image/FBQcdhtVcAIOKCa.jpeg,'10/9 7 3 bo\n1.サクラになっちゃうよ!\n#\n2.恋のハッピーチョモランマ\nTo\n3.SUN百しじゅ~GO!日 チ☆\n2\n4.セカイケイ\n5. Furniture Girl\n6.シャダーイクン\nODA\n7.限界無限大ケン%\n'
image/FEucWyTaAAgxsTy.jpeg,"'11/21\nLEADING ID\n1.適?ロマンチック\n2.LOVESI\n3.ゴイリョクタラズ\n4.サクラに海コよ」\n5.BEREDERI%\n6.EE* - 5 tb - A\nアンス×クマリンデビアン\n1.3セダーイクン\n2.二十四時間四六時中\n3.サクラに海コちよ!\n4.WEXT $ Ho - hy\n5.ネコちんに海コダラ\nE.SUNEG L L-GDIA,\n7.限界無限大ケン\n'"
image/E8LQBoFUUAIzGOM.jpeg,'8/7 東奔西走~極~\n1.2Pダーイりこ\n2.二十四時脳四六時中\n3.サクラになっちゃうよ!\n4.セカイライ\n5.ネコちゃんになっちゃうよ~\n6.SUN面66ゅ~GO!マッチ☆\n7.限界露限大チン\n'
image/E7n2W4ZVcAQr2Ah.jpeg,'his\n7/31 六本木アイドルフェスティバル\n1.KET LEKEKJ9%\n2.75 hod 55k\n3.YESEFFEVER\n4.5きゅらぶDイディオ\nv\n'
image/E8RYAaYUYAEC8DF.jpeg,"'入品\n13\nセトリ\n1.8 Phoneille\n2.あれ?ロマンチック\n<1部\n3.極LOVE浄土\n4.ピアノ\n5.Who are YUUR(ナコソロ)\n6.HELLO HELLO(マナソロ)\n7.オーダーメイド(オダソロ)\n2部\n8.Funiture Girl\n9.セカイケイ\n1.シャダーイクン\n10.サクラになっちゃうよ! 2.YESE # FEVER\n11.恋のハッピーチョモランマ 3.kolokol/スコール(さおぶちカパー)\n12.シャダーイクン\n4.ネコちゃんになっちゃうよー」\n13.せかいのおわりの物語 5.SUN66 * GO!E,,\n14.限界無限大ケン\n6.ゴイリョウタラブ\n15.サマーロ本夏サマー\n7.限界無限大ケン%\nありが、\nとう!\n7\n60!チ\ni\nC\n'"
image/FHTNBxQaMAIRawE.jpeg,'12/23 じゅじゅさん主催 の\n1.あみだ☆うぉーちゅーん\n40.\n2.二十四時間四六時中\n3.ネコちゃんになっちゃうよ~\n4.愛 Phone渋谷\n5.セカイケイ\n6.眠れない夜は。\n7.限界無限大ケン%\n'
image/E7jR7llUcAQJEZJ.jpeg,'7/30\nQxF\n1.シャワーオリン\n2.6 - ちゃんにほっちゃうよ~\n3.サラにほっちゃうよ!\n4.Furniture Girl\n5.AR NELIKI.\n6.恋のハッピーチョモランマ\n7.極LOVE海生\n8.RRRRRRF+%\n9.サマーニッポンサス\nゴ\nFESA\nTIVE\n232\n'
image/FDg-JeRaIAAldMQ.jpeg,'1176 アフターイベント\n1.あの店☆おっちゅーん\n1.シロダーイクン\n2.あれ?ロマンチック\n2.三十四時間四六時中\n3.ウダガワロ目のキュー\n3.ピアノ\n4.セカイケイ\n4.32*58 at Who\n5.bitter or sweet\n5.633!!\n6.めびうす\n6.30からパレやすいオ\n7.ゴクリョククラブ\n7.同れない宿は。\n8.z帯無限カケン%\n8.00 19%\n9.00 au\nオダックマ\n9.サマーニッポン国サマー\n'
image/FAs-lacWQAAAjw0.jpeg,'1012 セトリ\nTIE\n83\nTOKYO IDOL\nFESTIVA2021\nDOLFACTORY\n1.サクラになっちゃうよ\n2.二十四時間四六時中\n3.アンサー!\n'
image/FEJ_-2raMAA-3Jy.jpeg,'11/14 IDB5323\n1.GUE*518-50-B\n2.3E15 DIRAĐ505&\n3.319-199\n4.限界無限キケン\n5.BAUHAUD\n6.BPhone20\no\n'
image/E5ieRxdVoAgPDbx.jpeg,'7/5渋谷リリイベ\n1. Furniture girl\nつの日\n2.極LOVE浄土\n水と\nPorto\n3.愛phone渋谷\n4.限界無限大ケン%\n5.アンサー!!\n'
image/E9ZLgErVUAIDOq9.jpeg,'8/22\n仙台エクストロメ\n1.Furniture Girl\n2.二十四時間の一時\n3. LOVERSE\n4.恋のハッピーチョモランマ\n5.ネコちゃんになっちゃうよー\n6.PREBRRJ%%\n1)\nフサマーニッポンコサマー\n'
image/E94T2ASVkAMWIzE.jpeg,'228/28 @JAM 2日目)\n1.Furniture Girl\ns\n2.YESモチFEVER\n3.恋のハッピーチョモランド\n4.サマーニッポン夏サマー・\n3\n'
image/FEFGLvOaMAcyZUG.jpeg,'11/13 あいくる\n1.シャダーイクン\n2.恋のハッピーチョモランマ\n3.SUNTOU KD GO! 8 Y F*\n4.Furniture Girl\n5.セカイケイ\nto you\n6.ちきゅらるレイディオ\nつうか作@co久\nD\n7.あみ定☆おーちゅーん\n8.限界無限大ケン%\n'
image/FB0MnQiUUAMM4VK.jpeg,'10/16 IDOLPARADISE\nX\n1.シロダーイクン\n2.日中四時間四六時中\n女\n3.3-15ゃんにほっちゃうよ~\n4.Furniture Girl\n5.無限キリン%\n@\n6.サクラには35から8日\n'
image/E5dTZjJUUAAi6fE.jpeg,'7/4 Jah27\n1.bdobsLT\n2.595. ay 3O\n3.YESEFREVER\nngitish\n4.72 Loutchon\n5.2J5phztspska\n6.BHAJA\n&\n7 Purniture girl\n8.JOH!!\n9.24 Vajon\n10.FRJENJE %\nD\n'
image/FAN3tWfVcAQ3xc7.jpeg,'9/26 限界無限大ツアー 新潟\n1部\n1.愛Phonez谷\n7.ちきゅらぶレイディオ\n2.あれ?ロマンチック 8.ゴイリョクタラズ\n3.級LOVE浄土\n9.シャダーイクン\n4.RYUTist/口笛吹いて 10.限界無限大ケン%\n5.ネコちゃんになっちゃうよ~\n6.サクラになっちゃうよ!\nさおめいおだふう\n2部\n1.SUN百6じゅ~GO!日ッチ☆11.サクラになっちゃうよ!\n2.二十四時間四六時中\n12.恋のハッピーチョモランマ\n3.YESモチFEVER\n13.シャダーイクン\n4.セカイケイ\n14.せかいのおわりの物語\n5.Who are YUU?\n15.限界無限大ケン%\n6.ちゅるちゅる☆革メイ 16.眠れない彼は。\n7.さおてゃんだよ~\n8.朝焼けglory\n9.ピアノ\n10.Furniture Girl\nC\nen.but sea\ne\n'
image/E5smEgSVgAoDfDO.jpeg,'7/7 渋谷リリイベ\n1.bitter or sweet\n2. furniture girl\n3.限界無限大ケン%\n4.サマーニッポン夏サマー\n'
image/E_u6f53VgAk8AI3.jpeg,'9/20 限界無限大ツアー 札幌 /\n*\n1.SUN百6じゅ~GO!日ッチ☆\n1.愛 Phone渋谷\n2.二十四時間四六時中\n2.あれ?ロマンチック\n3.YESEF FEVER\n3.ウダガワ・ヨッキュー\n4.あいろ 13 - !\n!\n4.セカイケイ\n5.ぽろぽろ札幌\n5.Who are YUU?\n6.ちゅるちゅる☆革メイ\n6.HELLO HELLO\n7.さおてゃんだよ\n8.めびうす\n7.オーダーメイド\n8.朝焼けglory\nT\n9.ピアノ\n9.極LOVE浄土\nwe\n010.Furniture Girl\n10.コイリョクタラズ\n11.サクラになっちゃうよ!\n11.bitter\nor\nSweet\n12.ネコちゃんになっちゃうよ\n13.シャダーイクン\n12.恋のハッピーチョモランマ\n13.シャダーイクン\n14.せかいのおわりの物語\n14.せ かいのおわりの物語\n15.眠れない夜は 。\n15.限界無限大ケン\n16.限界無限大アン%\n18.3きゅ多ポレイディオ\nO\nen. アンサー!!!\n'
image/E-cIZdzUYAAHiMR.jpeg,'>9/4 BIT CONNECTION FES\n1. シャダーイクン\n2. サクラになっちゃうよ!\n3. Furniture Girl\n4. ちきゅらぶレイディオ\n5. 限界無限大ケン%\nおだ\nありがとう\nございます\n'
image/E6541SoVUAAyqHN.jpeg,'7/22 渋谷エクストロメ\n1.Furniture Girl\n2.サクラになっちゃうよ!\n3.ウダガワ・ミッキュー\n4.セカイケイ\n5.ネコちゃんになっちゃうよれ\n6.極LOVE浄土 CODA\n7.限界無限大ケン%\n'
image/E6fMz2MVkAEXPru.jpeg,'7/17 ZAWAFES\n1.シャダーイクン\n.\n2.YESEFFEVER\n3. ILOVERE\n4.\nアイリョククラ\n5.限界無限ケン3D。\nyo\nta\n'
image/E8wIW0jVcAICX3x.jpeg,"'(\n8/14 NEO KASSEN\n1.サクラになっちゃうよ!\n2.二十四時間四六時中\n3.セカイダイ\n4.恋のハッピーチョモランマ\n5.シャダーイクン\n6.限界無限大チン%\nありとう\nODA,\n'"
image/E-h3dXUVcAMn5pU.jpeg,'1部\n1.Furmiture Girl\n2.bitter or sweet\n3.二十四時間四六時中\n4.あ いろD-!\n5.オーダーメイド\n6.HELLOHELLO\n7.さおてゃんおよ~\n8.朝焼けGlory\n9.ちきゅう沢レイディオ\n10.サクラになっちゃうよ!\n11.恋のハッピーチョモランマ\n12.シャダーイクン\n13.せかいのおわりの物語\n14.限界無限大ケン%\n15.いくじなし\n9/5\n限界無限大ツアー仙台\n0\n2部\n1.愛Phome渋谷 9.ゴイリョクタ ラズ\n2.あれ?ロマンチック 10.ネコちゃんになっちゃうよ。\n3.ウダガワ・ミッキュー 11.恋のハッピーチョモランマ\n4.ピアノ\n12.アンサー!!\n5.仙仙仙台\n13.せかいのおわりの物語\n6.Who are YUU? 14.眠れない夜は。\n7.ちゅるちゅる☆革メイ 15.限界無限大ケン%\n8.めびうす\n'
image/E53NGS0VUAQmGwh.jpeg,'1.SUN百6じゅ~GO!日ッチ☆\n2.あいろにー!\n3.サクラになっちゃうよ!\n4.furniture Girl\n5.ピアノ\n7/9 メイド大戦争\n6.恋のハッピーチョモランマ\n7.極LOVE浄土\n8.ゴイリョクタラズ\n9.限界無限大ケン%\n'
image/FHc8-1WakAMBu_D.jpeg,'12/25 WAPIT\n1.LOVE浄土\n2.bitter or sweet\nMerry\n3.ゴイリョクタラズ Xmas\n4.あみだぶおーちゅーん\n5.シャダーイクン\n'
image/FCeRc4PakAA8neJ.jpeg,'リルネードさんツアー\n1.シャダーイクン\n6.ネコちゃんになっちゃうよ~\n2.サクラになっちゃうよ! 7.SUN百6じゅ~GO!日ッチ☆\n3.ピアノ\n8.限界無限大ケン%\n4.Furniture Girl\n9.いくじなし\n5.bitter or sweet\n10/24セトリ\nアプガ(2)さん2マン\n1.ウダガワ・ミッキュー\n4.ゴイリョクタラズ\n2.恋のハッピーチョモランマ5.限界無限大ケン%\n3. 極 LOVE浄土\n6.アンサー!!\n'
